{"cameraMode":{"drawMode":0,"name":"Shaded","section":"Shading Mode"},"sceneLighting":true,"audioPlay":false,"sceneViewState":{"m_AlwaysRefresh":false,"showFog":true,"showSkybox":true,"showFlares":true,"showImageEffects":true,"showParticleSystems":true,"showVisualEffectGraphs":true,"m_FxEnabled":true},"in2DMode":false,"pivot":{"x":0.3862919807434082,"y":-0.0066945552825927738,"z":-2.91740083694458},"rotation":{"x":0.061782896518707278,"y":0.9340888857841492,"z":-0.1990940272808075,"w":0.2898670732975006},"size":4.485154628753662,"orthographic":false}