{"cameraMode":{"drawMode":0,"name":"Shaded","section":"Shading Mode"},"sceneLighting":true,"audioPlay":false,"sceneViewState":{"m_AlwaysRefresh":false,"showFog":true,"showSkybox":true,"showFlares":true,"showImageEffects":true,"showParticleSystems":true,"showVisualEffectGraphs":true,"m_FxEnabled":true},"in2DMode":false,"pivot":{"x":-0.7867085933685303,"y":1.2890844345092774,"z":0.05167961120605469},"rotation":{"x":0.029553528875112535,"y":-0.9687926769256592,"z":0.2004217952489853,"w":0.14285077154636384},"size":4.187318325042725,"orthographic":false}