{"cameraMode":{"drawMode":0,"name":"Shaded","section":"Shading Mode"},"sceneLighting":true,"audioPlay":false,"sceneViewState":{"m_AlwaysRefresh":false,"showFog":true,"showSkybox":true,"showFlares":true,"showImageEffects":true,"showParticleSystems":true,"showVisualEffectGraphs":true,"m_FxEnabled":true},"in2DMode":false,"pivot":{"x":1.9679031372070313,"y":1.6860885620117188,"z":-2.706597328186035},"rotation":{"x":0.17436400055885316,"y":0.46586620807647707,"z":-0.09419379383325577,"w":0.8623795509338379},"size":7.691741943359375,"orthographic":false}